Metric,Best Value
MSE,0.0142782345157663
RMSE,0.11949156671399995
MAE,0.07384857083212178
R²,0.6776179653704884
Composite Score,1.6846308518409914
