mse,rmse,mae,r2
0.016526099209191087,0.12855387667896712,0.0828693856500823,0.6091163887657314
