Method,Lower Bound,Upper Bound,Outlier Count
IQR,-0.49116251409163025,0.16656048778475374,251
Z-Score,-3.000668077059835,3.000668077059835,32
