Metric,Value
AUC,0.6161935561145047
Accuracy,0.887240356083086
Precision,0.4222222222222222
Recall,0.2753623188405797
F1-Score,0.3333333333333333
