Test_Size,Weight_IF,Weight_DBSCAN,Weight_OCSVM
0.2,0.38679245283018876,0.23396226415094343,0.37924528301886795
0.25,0.38542449286250935,0.23365890308039067,0.3809166040570999
0.3,0.3830188679245283,0.24025157232704403,0.37672955974842764
0.35,0.37890204520990317,0.24703982777179764,0.37405812701829927
