Test_Size,Model,AUC Score,Accuracy,Precision,Recall,F1-Score
0.2,Weighted Ensemble,0.6290850535874557,0.8911111111111111,0.4666666666666667,0.2978723404255319,0.36363636363636365
0.25,Weighted Ensemble,0.63680171998369,0.8932384341637011,0.4146341463414634,0.32075471698113206,0.3617021276595745
0.3,Weighted Ensemble,0.6161935561145047,0.887240356083086,0.4222222222222222,0.2753623188405797,0.3333333333333333
0.35,Weighted Ensemble,0.6105889724310777,0.8754764930114358,0.38333333333333336,0.27380952380952384,0.3194444444444444
