Method,Lower Bound,Upper Bound,Outlier Count
IQR,-0.49116251409163025,0.16656048778475377,251
