,iqr_outlier,zscore_outlier,if_outlier,dbscan_outlier,ocsvm_outlier,lof_outlier,gaussianpdf_outlier,bgm_outlier,nb_outlier
Inliers Count,1995.0,2214.0,2133.0,2209.0,2134.0,2133.0,2159.0,2133.0,2204.0
Inliers Mean,2.3705126116506268,4.716704727795393,3.4320827117918427,4.538289312471255,3.827870868273196,5.3890947915532115,3.5791378039550716,3.9399128252081574,4.391795903279946
Inliers Std,2.9231973359299395,9.163927883372057,4.8401649386565,8.368250266638166,5.777928401221187,12.905086046122916,5.2874264918365315,7.564546912922734,7.790006326555293
Inliers Min,-5.226795643,-7.415296604,-3.196648526,-7.415296604,-2.08059381,-2.228376001,-7.415296604,-7.415296604,-7.415296604
Inliers Max,12.1705,87.66,26.015,72.8749,40.412,151.2232746,30.51366518,66.06556717,63.5886
