,iqr_outlier,zscore_outlier,if_outlier,dbscan_outlier,ocsvm_outlier,lof_outlier,gaussianpdf_outlier,bgm_outlier,nb_outlier
Outliers Count,251.0,32.0,113.0,37.0,112.0,113.0,87.0,113.0,42.0
Outliers Mean,47.98934768165737,197.86608315625,83.66253543439824,182.41669829972975,76.83770085217857,46.721767592530966,103.9901196505747,74.07668028469027,168.92811327404763
Outliers Std,73.23890383665106,121.72835780427782,98.25598976149651,119.71689558296936,103.26000456708233,107.05461936753427,103.34406452928312,102.29952238421912,118.1711859260129
Outliers Min,-7.415296604,95.2637455,-7.415296604,77.61744989,-7.415296604,-7.415296604,31.523,14.6333,66.06556717
Outliers Max,593.072,593.072,593.072,593.072,593.072,593.072,593.072,593.072,593.072
