,Precision,Recall,F1-Score
if_outlier,0.9194128319313871,0.7577803458832593,0.8088207342127403
lof_outlier,0.9452220077220077,0.7169576059850374,0.773632438312373
ocsvm_outlier,0.9562314540059347,0.7793017456359101,0.8355140418929403
elliptic_outlier,0.9194128319313871,0.7577803458832593,0.8088207342127403
hbos_outlier,0.0,0.0,0.0
dbscan_outlier,0.25882352941176473,0.046015043691584046,0.07581761818651511
mahalanobis_outlier,0.0,0.0,0.0
