,Precision,Recall,F1-Score,Average Precision,AUC-ROC,ADE
if_outlier,0.9333333333333333,0.5236907730673317,0.670926517571885,0.5738181261005989,0.7577803458832594,0.0917186108637578
lof_outlier,1.0,0.4339152119700748,0.6052173913043478,0.5349837783102351,0.7169576059850374,0.10106856634016029
ocsvm_outlier,1.0,0.5586034912718204,0.7168,0.6374102588586414,0.7793017456359101,0.07880676758682101
elliptic_outlier,0.9333333333333333,0.5236907730673317,0.670926517571885,0.5738181261005989,0.7577803458832594,0.0917186108637578
hbos_outlier,0.0,0.0,0.0,0.17853962600178094,0.5,0.17853962600178094
dbscan_outlier,1.0,0.22194513715710723,0.363265306122449,0.36085876137794426,0.6109725685785536,0.13891362422083706
mahalanobis_outlier,0.0,0.0,0.0,0.17853962600178094,0.5,0.17853962600178094
