Method,Lower Bound,Upper Bound,Outlier Count
IQR,-0.49116251409163025,0.16656048778475377,251
Z-Score,-3.0006680770598346,3.0006680770598346,32
