test_size,cv_mse,mse,rmse,mae,r2,mse_norm,rmse_norm,mae_norm,r2_norm,composite_score
0.2,0.025847525559527733,0.0142782345157663,0.11949156671399995,0.07384857083212178,0.6776179653704884,0.8639809270795964,0.9295057434355081,0.8911441813258868,1.0,1.6846308518409914
0.25,0.02512945084507584,0.016526099209191087,0.12855387667896712,0.0828693856500823,0.6091163887657314,1.0,1.0,1.0,0.8989082637924104,2.1010917362075894
0.3,0.027150940224832543,0.015488542832573234,0.12445297438218676,0.07911286892429974,0.6173650172221141,0.9372171034746778,0.9680997383920099,0.9546694271193884,0.9110812416028096,1.9489050273832667
0.35,0.02770561972980487,0.015218195827486819,0.12336205181289268,0.07885952654817129,0.58759943186308,0.9208583123489378,0.9596136265961097,0.9516122984325873,0.8671544467416966,1.9649297906359382
