Metric,Value
AUC Score,0.6161935561145047
Error Rate,0.11275964391691395
Precision,0.4222222222222222
Recall,0.2753623188405797
F1-Score,0.3333333333333333
Accuracy,0.887240356083086
