Model,Accuracy,Precision,Recall,F1-Score
DBSCAN,0.7359050445103857,0.23671497584541062,0.7101449275362319,0.35507246376811596
