Model,Accuracy,Precision,Recall,F1-Score
Isolation Forest,0.9020771513353115,0.5428571428571428,0.2753623188405797,0.36538461538461536
