Model,Accuracy,Precision,Recall,F1-Score
One-Class SVM,0.8887240356083086,0.4117647058823529,0.2028985507246377,0.27184466019417475
